<?xml version="1.0" encoding="UTF-8" standalone="yes"?>
<addon id="xbmc.script.linux.nm"
       name="Network-Manager"
       version="0.1.1"
       provider-name="vikjon0">
  <requires>
    <import addon="xbmc.python" version="2.0"/>
  </requires>
  <extension point="xbmc.python.script"
             library="default.py" />
  <extension point="xbmc.addon.metadata">
    <platform>linux</platform>
    <summary lang="en">xbmc Network-Manager front-end. Configures wifi from within xbmc.</summary>
    <description lang="en">xbmc Network-Manager front-end. Configures wifi from within xbmc. Requires Network-Manager 0.9, which are included in XBMCbuntu.</description>
  </extension>
</addon>
