<window id="129">
	<defaultcontrol>14</defaultcontrol>
	<coordinates>
		<system>1</system>
		<posx>240</posx>
		<posy>140</posy>
	</coordinates>
	<include>dialogeffect</include>
	<controls>
		<control type="image">
			<description>background image</description>
			<posx>0</posx>
			<posy>0</posy>
			<width>800</width>
			<height>420</height>
			<texture border="40">DialogBack.png</texture>
		</control>
		<control type="image">
			<posx>80</posx>
			<posy>10</posy>
			<width>640</width>
			<height>90</height>
			<aspectratio>stretch</aspectratio>
			<texture>GlassTitleBar.png</texture>
		</control>
		<control type="button">
			<description>Close Window button</description>
			<posx>710</posx>
			<posy>9</posy>
			<width>64</width>
			<height>32</height>
			<label>-</label>
			<font>-</font>
			<onclick>PreviousMenu</onclick>
			<texturefocus>DialogCloseButton-focus.png</texturefocus>
			<texturenofocus>DialogCloseButton.png</texturenofocus>
			<onleft>10</onleft>
			<onright>10</onright>
			<onup>10</onup>
			<ondown>10</ondown>
			<visible>system.getbool(input.enablemouse)</visible>
		</control>
		<control type="label" id="2">
			<description>header label</description>
			<label>$ADDON[xbmc.script.linux.nm 626]</label>
			<posx>20</posx>
			<posy>18</posy>
			<width>760</width>
			<height>30</height>
			<font>font13_title</font>
			<align>center</align>
			<aligny>center</aligny>
			<textcolor>white</textcolor>
			<shadowcolor>black</shadowcolor>
		</control>
			<control type="label"id="3">
			<description>List label</description>
			<label>C</label>
			<posx>40</posx>
			<posy>60</posy>
			<width>15</width>
			<height>30</height>
			<align>left</align>
			<aligny>center</aligny>
			<font>font12caps</font>
			<textcolor>blue</textcolor>
			<shadowcolor>black</shadowcolor>
			<visible>false</visible>
		</control>
		<control type="label">
			<description>Connection name</description>
			<label>$ADDON[xbmc.script.linux.nm 620]</label>
			<posx>57</posx>
			<posy>60</posy>
			<width>150</width>
			<height>30</height>
			<align>left</align>
			<aligny>center</aligny>
			<font>font12caps</font>
			<textcolor>blue</textcolor>
			<shadowcolor>black</shadowcolor>
		</control>
		<control type="label">
			<description>SSID label</description>
			<label>$ADDON[xbmc.script.linux.nm 614]</label>
			<posx>260</posx>
			<posy>60</posy>
			<width>100</width>
			<height>30</height>
			<align>left</align>
			<aligny>center</aligny>
			<font>font12caps</font>
			<textcolor>blue</textcolor>
			<shadowcolor>black</shadowcolor>
		</control>
		<control type="label">
			<description>X</description>
			<label></label>
			<posx>340</posx>
			<posy>60</posy>
			<width>130</width>
			<height>30</height>
			<align>left</align>
			<aligny>center</aligny>
			<font>font12caps</font>
			<textcolor>blue</textcolor>
			<shadowcolor>black</shadowcolor>
		</control>
		<control type="label">
			<description>Y</description>
			<label></label>
			<posx>475</posx>
			<posy>60</posy>
			<width>130</width>
			<height>30</height>
			<align>left</align>
			<aligny>center</aligny>
			<font>font12caps</font>
			<textcolor>blue</textcolor>
			<shadowcolor>black</shadowcolor>
		</control>
		<control type="label" id="100">
			<description>Status Label</description>
			<wrapmultiline>false</wrapmultiline>
			<scroll>true</scroll>
			<label></label>
			<posx>30</posx>
			<posy>307</posy>
			<width>500</width>
			<height>30</height>
			<align>center</align>
			<aligny>center</aligny>
			<font>font12caps</font>
			<textcolor>grey</textcolor>
			<shadowcolor>black</shadowcolor>
		</control>
		<control type="list" id="10">
			<visible>true</visible>
			<posx>30</posx>
			<posy>105</posy>
			<width>500</width>
			<height>201</height>
			<onup>9001</onup>
			<onleft>9000</onleft>
			<onright>60</onright>
			<ondown>9001</ondown>
			<pagecontrol>60</pagecontrol>
			<scrolltime>200</scrolltime>
			<itemlayout height="40">
				<control type="image">
					<posx>0</posx>
					<posy>0</posy>
					<width>500</width>
					<height>41</height>
					<texture>MenuItemNF.png</texture>
				</control>
				<control type="label">
					<posx>10</posx>
					<posy>0</posy>
					<width>30</width>
					<height>40</height>
					<font>font13</font>
					<align>left</align>
					<aligny>center</aligny>
					<textcolor>grey</textcolor>
					<selectedcolor>selected</selectedcolor>
					<info>ListItem.label</info>
				</control>
				<control type="label">
					<posx>25</posx>
					<posy>0</posy>
					<width>200</width>
					<height>40</height>
					<font>font13</font>
					<align>left</align>
					<aligny>center</aligny>
					<textcolor>grey</textcolor>
					<selectedcolor>selected</selectedcolor>
					<info>ListItem.label2</info>
				</control>
				<control type="label">
					<posx>240</posx>
					<posy>0</posy>
					<width>100</width>
					<height>40</height>
					<font>font13</font>
					<align>left</align>
					<aligny>center</aligny>
					<textcolor>grey</textcolor>
					<selectedcolor>selected</selectedcolor>
					<info>ListItem.Property(ssid)</info>
				</control>
				<control type="label">
					<posx>320</posx>
					<posy>0</posy>
					<width>120</width>
					<height>40</height>
					<font>font13</font>
					<align>left</align>
					<aligny>center</aligny>
					<textcolor>grey</textcolor>
					<selectedcolor>selected</selectedcolor>
					<info>ListItem.Property(encryption)</info>
				</control>
				<control type="label">
					<posx>450</posx>
					<posy>0</posy>
					<visible>false</visible>
					<width>100</width>
					<height>40</height>
					<font>font13</font>
					<align>left</align>
					<aligny>center</aligny>
					<textcolor>grey</textcolor>
					<selectedcolor>selected</selectedcolor>
					<info>ListItem.Property(uuid)</info>
				</control>
			</itemlayout>
			<focusedlayout height="40">
				<control type="image">
					<posx>0</posx>
					<posy>0</posy>
					<width>500</width>
					<height>41</height>
					<visible>!Control.HasFocus(10)</visible>
					<texture>MenuItemNF.png</texture>
				</control>
				<control type="image">
					<posx>0</posx>
					<posy>0</posy>
					<width>500</width>
					<height>41</height>
					<visible>Control.hasfocus(11) | Control.HasFocus(10)</visible>
					<texture>MenuItemFO.png</texture>
				</control>
				<control type="label">
					<posx>10</posx>
					<posy>0</posy>
					<width>30</width>
					<height>40</height>
					<font>font13</font>
					<align>left</align>
					<aligny>center</aligny>
					<textcolor>grey</textcolor>
					<selectedcolor>selected</selectedcolor>
					<info>ListItem.label</info>
				</control>
				<control type="label">
					<posx>25</posx>
					<posy>0</posy>
					<width>200</width>
					<height>40</height>
					<font>font13</font>
					<align>left</align>
					<aligny>center</aligny>
					<textcolor>grey</textcolor>
					<selectedcolor>selected</selectedcolor>
					<info>ListItem.label2</info>
				</control>
				<control type="label">
					<posx>240</posx>
					<posy>0</posy>
					<width>100</width>
					<height>40</height>
					<font>font13</font>
					<align>left</align>
					<aligny>center</aligny>
					<textcolor>grey</textcolor>
					<selectedcolor>selected</selectedcolor>
					<info>ListItem.Property(ssid)</info>
				</control>
				<control type="label">
					<posx>320</posx>
					<posy>0</posy>
					<width>120</width>
					<height>40</height>
					<font>font13</font>
					<align>left</align>
					<aligny>center</aligny>
					<textcolor>grey</textcolor>
					<selectedcolor>selected</selectedcolor>
					<info>ListItem.Property(encryption)</info>
				</control>
				<control type="label">
					<posx>450</posx>
					<posy>0</posy>
					<visible>false</visible>
					<width>100</width>
					<height>40</height>
					<font>font13</font>
					<align>left</align>
					<aligny>center</aligny>
					<textcolor>grey</textcolor>
					<selectedcolor>selected</selectedcolor>
					<info>ListItem.Property(uuid)</info>
				</control>
			</focusedlayout>
		</control>
		<control type="scrollbar" id="60">
			<posx>555</posx>
			<posy>105</posy>
			<width>25</width>
			<height>200</height>
			<texturesliderbackground border="0,14,0,14">ScrollBarV.png</texturesliderbackground>
			<texturesliderbar border="0,14,0,14">ScrollBarV_bar.png</texturesliderbar>
			<texturesliderbarfocus border="0,14,0,14">ScrollBarV_bar_focus.png</texturesliderbarfocus>
			<textureslidernib>ScrollBarNib.png</textureslidernib>
			<textureslidernibfocus>ScrollBarNib.png</textureslidernibfocus>
			<onleft>10</onleft>
			<onright>14</onright>
			<showonepage>false</showonepage>
			<orientation>vertical</orientation>
		</control>
		<control type="group" id="9000">
			<posx>580</posx>
			<posy>105</posy>
			<control type="button" id="11">
				<description>Delete button</description>
				<label>$ADDON[xbmc.script.linux.nm 622]</label>
				<posx>0</posx>
				<posy>80</posy>
				<width>200</width>
				<height>41</height>
				<font>font12_title</font>
				<align>center</align>
				<aligny>center</aligny>
				<texturenofocus border="5">MenuItemNF.png</texturenofocus>
				<texturefocus border="5">button-focus.png</texturefocus>
				<onup>13</onup>
				<onleft>60</onleft>
				<onright>10</onright>
				<ondown>15</ondown>
			</control>
			<control type="button" id="13">
				<description>Disconnect button</description>
				<label>$ADDON[xbmc.script.linux.nm 612]</label>
				<posx>0</posx>
				<posy>40</posy>
				<width>200</width>
				<height>41</height>
				<font>font12_title</font>
				<align>center</align>
				<aligny>center</aligny>
				<texturenofocus border="5">MenuItemNF.png</texturenofocus>
				<texturefocus border="5">button-focus.png</texturefocus>
				<onup>14</onup>
				<onleft>60</onleft>
				<onright>10</onright>
				<ondown>11</ondown>
			</control>
			<control type="button" id="14">
				<description>Add Connection button</description>
				<label>$ADDON[xbmc.script.linux.nm 621]</label>
				<posx>0</posx>
				<posy>0</posy>
				<width>200</width>
				<height>41</height>
				<font>font12_title</font>
				<align>center</align>
				<aligny>center</aligny>
				<texturenofocus border="5">MenuItemNF.png</texturenofocus>
				<texturefocus border="5">button-focus.png</texturefocus>
				<onup>9001</onup>
				<onleft>60</onleft>
				<onright>10</onright>
				<ondown>13</ondown>
			</control>
				<control type="button" id="15">
				<description>Check status</description>
				<label>$ADDON[xbmc.script.linux.nm 628]</label>
				<posx>0</posx>
				<posy>120</posy>
				<width>200</width>
				<height>41</height>
				<font>font12_title</font>
				<align>center</align>
				<aligny>center</aligny>
				<texturenofocus border="5">MenuItemNF.png</texturenofocus>
				<texturefocus border="5">button-focus.png</texturefocus>
				<onup>11</onup>
				<onleft>60</onleft>
				<onright>10</onright>
				<ondown>9001</ondown>
			</control>
		</control>
		<control type="group" id="9001">
			<control type="button" id="18">
				<description>Install Button</description>
				<visible>false</visible>
				<posx>410</posx>
				<posy>355</posy>
				<width>200</width>
				<height>40</height>
				<align>center</align>
				<aligny>center</aligny>
				<texturenofocus border="5">MenuItemNF.png</texturenofocus>
				<texturefocus border="5">button-focus.png</texturefocus>
				<label>$ADDON[xbmc.script.linux.nm 618]</label>
				<font>font12_title</font>
				<onup>10</onup>
				<onleft>19</onleft>
				<onright>19</onright>
				<ondown>10</ondown>
			</control>
			<control type="button" id="19">
				<description>Cancel Button</description>
				<visible>true</visible>
				<posx>200</posx>
				<posy>355</posy>
				<width>200</width>
				<height>40</height>
				<align>center</align>
				<aligny>center</aligny>
				<texturenofocus border="5">MenuItemNF.png</texturenofocus>
				<texturefocus border="5">button-focus.png</texturefocus>
				<label>$ADDON[xbmc.script.linux.nm 625]</label>
				<font>font12_title</font>
				<onup>10</onup>
				<onleft>10</onleft>
				<onright>60</onright>
				<ondown>10</ondown>
			</control>
		</control>
	</controls>
</window>
